model,primary_metric,training_time_sec,inference_time_sec,extra_num_parameters
logistic_regression,0.9824561403508771,1.8357671999838203,0.0019801000598818064,
keras_mlp,0.9824561403508771,2.6343446999089792,0.08325260004494339,4097.0
mlp_sklearn,0.9649122807017544,0.22802450007293373,0.0019034999422729015,
random_forest,0.956140350877193,0.21255720010958612,0.030973799992352724,
xgboost,0.956140350877193,0.06547710008453578,0.00338379992172122,
random_forest_optimised,0.9473684210526315,0.20145189994946122,0.030640500015579164,
